{
  "images": [
    {
      "size": "16x16",
      "idiom": "mac",
      "filename": "icon_16x16.png",
      "scale": "1x"
    },
    {
      "size": "16x16",
      "idiom": "mac",
      "filename": "icon_32x32.png",
      "scale": "2x"
    },
    {
      "size": "32x32",
      "idiom": "mac",
      "filename": "icon_32x32.png",
      "scale": "1x"
    },
    {
      "size": "32x32",
      "idiom": "mac",
      "filename": "icon_64x64.png",
      "scale": "2x"
    },
    {
      "size": "128x128",
      "idiom": "mac",
      "filename": "icon_128x128.png",
      "scale": "1x"
    },
    {
      "size": "128x128",
      "idiom": "mac",
      "filename": "icon_256x256.png",
      "scale": "2x"
    },
    {
      "size": "256x256",
      "idiom": "mac",
      "filename": "icon_256x256.png",
      "scale": "1x"
    },
    {
      "size": "256x256",
      "idiom": "mac",
      "filename": "icon_512x512.png",
      "scale": "2x"
    },
    {
      "size": "512x512",
      "idiom": "mac",
      "filename": "icon_512x512.png",
      "scale": "1x"
    },
    {
      "size": "512x512",
      "idiom": "mac",
      "filename": "icon_1024x1024.png",
      "scale": "2x"
    }
  ],
  "info": {
    "author": "xcode",
    "version": 1
  }
}